{"cameraMode":{"drawMode":0,"name":"Shaded","section":"Shading Mode"},"sceneLighting":true,"audioPlay":false,"sceneViewState":{"showFog":true,"showMaterialUpdate":false,"showSkybox":true,"showFlares":true,"showImageEffects":true,"showParticleSystems":true},"in2DMode":false,"pivot":{"x":-19.573450088500978,"y":1.2063474655151368,"z":-24.6141300201416},"rotation":{"x":0.11648944765329361,"y":-0.6303648352622986,"z":0.09643667191267014,"w":0.7614327073097229},"size":3.2589523792266847,"orthographic":false}