{"cameraMode":{"drawMode":0,"name":"Shaded","section":"Shading Mode"},"sceneLighting":false,"audioPlay":false,"sceneViewState":{"showFog":true,"showMaterialUpdate":false,"showSkybox":false,"showFlares":true,"showImageEffects":true,"showParticleSystems":true},"in2DMode":false,"pivot":{"x":3.329829454421997,"y":0.6911213397979736,"z":1.0618760585784913},"rotation":{"x":-0.08389599621295929,"y":-0.08598905056715012,"z":0.0072678448632359509,"w":-0.9927359223365784},"size":3.162278890609741,"orthographic":false}