{"cameraMode":{"drawMode":0,"name":"Shaded","section":"Shading Mode"},"sceneLighting":false,"audioPlay":false,"sceneViewState":{"showFog":true,"showMaterialUpdate":false,"showSkybox":false,"showFlares":true,"showImageEffects":true,"showParticleSystems":true},"in2DMode":false,"pivot":{"x":82.69999694824219,"y":40.0989990234375,"z":-152.89999389648438},"rotation":{"x":0.16898570954799653,"y":-0.011831148527562619,"z":0.002017819322645664,"w":0.9855631589889526},"size":9.899160385131836,"orthographic":false}