{"cameraMode":{"drawMode":0,"name":"Shaded","section":"Shading Mode"},"sceneLighting":false,"audioPlay":false,"sceneViewState":{"showFog":true,"showMaterialUpdate":false,"showSkybox":false,"showFlares":true,"showImageEffects":true,"showParticleSystems":true},"in2DMode":false,"pivot":{"x":-0.19672346115112306,"y":1.4469060897827149,"z":10.135055541992188},"rotation":{"x":0.0027555206324905159,"y":0.9883617758750916,"z":-0.1512066125869751,"w":0.018090523779392244},"size":6.659945487976074,"orthographic":false}