{"cameraMode":{"drawMode":0,"name":"Shaded","section":"Shading Mode"},"sceneLighting":false,"audioPlay":false,"sceneViewState":{"showFog":true,"showMaterialUpdate":false,"showSkybox":false,"showFlares":true,"showImageEffects":true,"showParticleSystems":true},"in2DMode":false,"pivot":{"x":-0.39599478244781496,"y":1.7754335403442383,"z":-3.4436421394348146},"rotation":{"x":0.06784506887197495,"y":-0.9027074575424194,"z":0.15477842092514039,"w":0.39568260312080386},"size":0.11145240068435669,"orthographic":false}