{"cameraMode":{"drawMode":0,"name":"Shaded","section":"Shading Mode"},"sceneLighting":false,"audioPlay":false,"sceneViewState":{"showFog":true,"showMaterialUpdate":false,"showSkybox":false,"showFlares":true,"showImageEffects":true,"showParticleSystems":true},"in2DMode":false,"pivot":{"x":-24.551340103149415,"y":-1.8852474689483643,"z":12.280538558959961},"rotation":{"x":0.13912031054496766,"y":-0.7195229530334473,"z":-0.15087321400642396,"w":-0.6634737253189087},"size":21.617549896240236,"orthographic":false}