{"cameraMode":{"drawMode":0,"name":"Shaded","section":"Shading Mode"},"sceneLighting":true,"audioPlay":false,"sceneViewState":{"showFog":true,"showMaterialUpdate":false,"showSkybox":true,"showFlares":true,"showImageEffects":true,"showParticleSystems":true},"in2DMode":false,"pivot":{"x":1.044607162475586,"y":6.569068908691406,"z":-19.176292419433595},"rotation":{"x":0.024715494364500047,"y":0.845984697341919,"z":-0.03936860337853432,"w":0.5312085747718811},"size":12.218562126159668,"orthographic":false}