{"cameraMode":{"drawMode":0,"name":"Shaded","section":"Shading Mode"},"sceneLighting":false,"audioPlay":false,"sceneViewState":{"showFog":true,"showMaterialUpdate":false,"showSkybox":false,"showFlares":true,"showImageEffects":true,"showParticleSystems":true},"in2DMode":false,"pivot":{"x":0.04655146598815918,"y":0.015386104583740235,"z":0.01757243275642395},"rotation":{"x":-0.015895014628767968,"y":-0.01057552918791771,"z":0.0010792039101943374,"w":-1.0000327825546265},"size":2.7819366455078127,"orthographic":false}