{"cameraMode":{"drawMode":0,"name":"Shaded","section":"Shading Mode"},"sceneLighting":false,"audioPlay":false,"sceneViewState":{"showFog":true,"showMaterialUpdate":false,"showSkybox":false,"showFlares":true,"showImageEffects":true,"showParticleSystems":true},"in2DMode":false,"pivot":{"x":0.0,"y":-0.009000003337860108,"z":0.04900002479553223},"rotation":{"x":0.6056146025657654,"y":-0.1499425768852234,"z":0.11753685027360916,"w":0.7726259827613831},"size":0.9999999403953552,"orthographic":false}