{"cameraMode":{"drawMode":0,"name":"Shaded","section":"Shading Mode"},"sceneLighting":true,"audioPlay":false,"sceneViewState":{"showFog":true,"showMaterialUpdate":false,"showSkybox":false,"showFlares":true,"showImageEffects":true,"showParticleSystems":true},"in2DMode":false,"pivot":{"x":0.04979562759399414,"y":2.5595998764038088,"z":0.00777435302734375},"rotation":{"x":-0.12710252404212953,"y":-0.7970293164253235,"z":0.18016475439071656,"w":-0.5622870922088623},"size":9.384608268737793,"orthographic":false}