{"cameraMode":{"drawMode":0,"name":"Shaded","section":"Shading Mode"},"sceneLighting":false,"audioPlay":false,"sceneViewState":{"showFog":true,"showMaterialUpdate":false,"showSkybox":false,"showFlares":true,"showImageEffects":true,"showParticleSystems":true},"in2DMode":false,"pivot":{"x":-1.2118048667907715,"y":-0.08732534945011139,"z":3.702018976211548},"rotation":{"x":-0.13385918736457826,"y":0.15618140995502473,"z":-0.020993616431951524,"w":-0.9784709215164185},"size":0.4978390336036682,"orthographic":false}