{"cameraMode":{"drawMode":0,"name":"Shaded","section":"Shading Mode"},"sceneLighting":true,"audioPlay":false,"sceneViewState":{"showFog":true,"showMaterialUpdate":false,"showSkybox":true,"showFlares":true,"showImageEffects":true,"showParticleSystems":true},"in2DMode":false,"pivot":{"x":12.607803344726563,"y":4.005223751068115,"z":-34.98051071166992},"rotation":{"x":-0.016549650579690934,"y":-0.7238765358924866,"z":0.01737811416387558,"w":-0.6895292401313782},"size":2.2165606021881105,"orthographic":false}