{"cameraMode":{"drawMode":0,"name":"Shaded","section":"Shading Mode"},"sceneLighting":true,"audioPlay":false,"sceneViewState":{"showFog":true,"showMaterialUpdate":false,"showSkybox":true,"showFlares":true,"showImageEffects":true,"showParticleSystems":true},"in2DMode":false,"pivot":{"x":59.263916015625,"y":2.474090099334717,"z":-60.7995719909668},"rotation":{"x":0.05361983925104141,"y":-0.8898290991783142,"z":0.10640452802181244,"w":0.44102364778518679},"size":3.789017915725708,"orthographic":false}