{"cameraMode":{"drawMode":0,"name":"Shaded","section":"Shading Mode"},"sceneLighting":false,"audioPlay":false,"sceneViewState":{"showFog":true,"showMaterialUpdate":false,"showSkybox":false,"showFlares":true,"showImageEffects":true,"showParticleSystems":true},"in2DMode":false,"pivot":{"x":0.013629913330078125,"y":1.4532663822174073,"z":0.2638877332210541},"rotation":{"x":0.030024100095033647,"y":-0.8610300421714783,"z":0.05054763704538345,"w":0.5056841969490051},"size":1.6393158435821534,"orthographic":false}