{"cameraMode":{"drawMode":0,"name":"Shaded","section":"Shading Mode"},"sceneLighting":false,"audioPlay":false,"sceneViewState":{"showFog":true,"showMaterialUpdate":false,"showSkybox":false,"showFlares":true,"showImageEffects":true,"showParticleSystems":true},"in2DMode":false,"pivot":{"x":-2.384185791015625e-7,"y":2.000004768371582,"z":0.000004649162292480469},"rotation":{"x":0.10514093935489655,"y":0.2932625412940979,"z":-0.03306486830115318,"w":0.9500095248222351},"size":2.664044141769409,"orthographic":false}