{"cameraMode":{"drawMode":0,"name":"Shaded","section":"Shading Mode"},"sceneLighting":false,"audioPlay":false,"sceneViewState":{"showFog":true,"showMaterialUpdate":false,"showSkybox":false,"showFlares":true,"showImageEffects":true,"showParticleSystems":true},"in2DMode":false,"pivot":{"x":6.004404067993164,"y":5.598329067230225,"z":4.603674411773682},"rotation":{"x":0.04503782093524933,"y":-0.2217291295528412,"z":-0.010207172483205796,"w":-0.9741195440292358},"size":3.0101139545440676,"orthographic":false}