{"cameraMode":{"drawMode":0,"name":"Shaded","section":"Shading Mode"},"sceneLighting":false,"audioPlay":false,"sceneViewState":{"showFog":true,"showMaterialUpdate":false,"showSkybox":false,"showFlares":true,"showImageEffects":true,"showParticleSystems":true},"in2DMode":false,"pivot":{"x":-0.6531494855880737,"y":1.126875400543213,"z":-0.1637425422668457},"rotation":{"x":-0.04159748554229736,"y":0.1809312403202057,"z":-0.007660628296434879,"w":-0.9825918674468994},"size":3.1101269721984865,"orthographic":false}