{"cameraMode":{"drawMode":0,"name":"Shaded","section":"Shading Mode"},"sceneLighting":false,"audioPlay":false,"sceneViewState":{"showFog":true,"showMaterialUpdate":false,"showSkybox":false,"showFlares":true,"showImageEffects":true,"showParticleSystems":true},"in2DMode":false,"pivot":{"x":2.3397879600524904,"y":6.341098785400391,"z":-2.378276824951172},"rotation":{"x":0.23264272511005402,"y":-0.16280913352966309,"z":-0.03948817402124405,"w":-0.9581326842308044},"size":2.8394553661346437,"orthographic":false}