{"cameraMode":{"drawMode":0,"name":"Shaded","section":"Shading Mode"},"sceneLighting":true,"audioPlay":false,"sceneViewState":{"showFog":true,"showMaterialUpdate":false,"showSkybox":true,"showFlares":true,"showImageEffects":true,"showParticleSystems":true},"in2DMode":false,"pivot":{"x":50.979217529296878,"y":3.699981689453125,"z":-33.03645324707031},"rotation":{"x":-0.03598858788609505,"y":-0.014941723085939885,"z":0.0007369396043941379,"w":-0.9993639588356018},"size":5.464069843292236,"orthographic":false}