{"cameraMode":{"drawMode":0,"name":"Shaded","section":"Shading Mode"},"sceneLighting":false,"audioPlay":false,"sceneViewState":{"showFog":true,"showMaterialUpdate":false,"showSkybox":false,"showFlares":true,"showImageEffects":true,"showParticleSystems":true},"in2DMode":false,"pivot":{"x":-0.808886706829071,"y":1.999999761581421,"z":-0.8088878989219666},"rotation":{"x":0.05104503780603409,"y":-0.5788354277610779,"z":-0.03533719852566719,"w":-0.8134978413581848},"size":2.338609218597412,"orthographic":false}