{"cameraMode":{"drawMode":0,"name":"Shaded","section":"Shading Mode"},"sceneLighting":true,"audioPlay":false,"sceneViewState":{"showFog":true,"showMaterialUpdate":false,"showSkybox":true,"showFlares":true,"showImageEffects":true,"showParticleSystems":true},"in2DMode":false,"pivot":{"x":-27.281391143798829,"y":3.4988694190979006,"z":-55.57366180419922},"rotation":{"x":-0.002574990037828684,"y":-0.9683681130409241,"z":-0.010182464495301247,"w":0.2500108778476715},"size":11.680336952209473,"orthographic":false}