{"cameraMode":{"drawMode":0,"name":"Shaded","section":"Shading Mode"},"sceneLighting":false,"audioPlay":false,"sceneViewState":{"showFog":true,"showMaterialUpdate":false,"showSkybox":false,"showFlares":true,"showImageEffects":true,"showParticleSystems":true},"in2DMode":false,"pivot":{"x":0.01772231236100197,"y":-0.035855770111083987,"z":0.06411466747522354},"rotation":{"x":0.05283459648489952,"y":-0.7588924169540405,"z":0.6461254954338074,"w":0.06207720935344696},"size":0.23015743494033814,"orthographic":false}