{"cameraMode":{"drawMode":0,"name":"Shaded","section":"Shading Mode"},"sceneLighting":true,"audioPlay":false,"sceneViewState":{"showFog":true,"showMaterialUpdate":false,"showSkybox":true,"showFlares":true,"showImageEffects":true,"showParticleSystems":true},"in2DMode":false,"pivot":{"x":69.9807357788086,"y":3.6090877056121828,"z":-55.26775360107422},"rotation":{"x":-0.0064127808436751369,"y":0.6750041246414185,"z":0.005865170620381832,"w":0.7377784848213196},"size":4.225203514099121,"orthographic":false}